NB,Member State,Start,End,Duration,Reasons/Scope
363,Slovakia,24/05/2023,08/06/2023,16,International security conference of Globsec 2023 Bratislava Forum taking place at the same time as the international event of the motorcyclist club Hells Angels MC Slovakia - World Run; all internal borders
362,Norway,12/05/2023,11/11/2023,184,"Threat to critical on-shore and off-shore infrastructures, Russian intelligence threat in Norway; ports with ferry connections to the Schengen area"
361,Denmark,12/05/2023,11/11/2023,184,"Islamist terrorist threat, organised crime, smuggling, Russian invasion of Ukraine, irregular migration along the Central Mediterranean route; land border with Germany and ports with ferry connections to Germany"
360,Germany,12/05/2023,11/11/2023,184,"Increase in irregular migration from Türkiye through the Western Balkans, strain on the asylum reception system, human smuggling; the land border with Austria"
359,Sweden,12/05/2023,11/11/2023,184,Islamist terrorist threat; all internal borders (exact borders to be determined)
358,Austria,12/05/2023,11/11/2023,184,"Pressure on the asylum reception system, high migratory pressure at the EU’s external border to Türkiye and the Western Balkans, threat of arms trafficking and criminal networks due to the war in Ukraine, human smuggling; land borders with Hungary and Slovenia"
357,France,01/05/2023,31/10/2023,184,"New terrorist threats, increasing risk of terrorist organisations present on national territory targeting the Rugby World Cup taking place in September and October 2023, increase in irregular entry flows at the external borders (from the Central Mediterranean and the Western Balkans); internal borders with Belgium, Luxembourg, Germany, Switzerland, Italy, Spain"
356,Iceland,26/04/2023,24/05/2023,29,Council of Europe Summit in Reykjavik; all internal borders (specific border sections and border crossing points to be determined by the National Commissioner of the Icelandic Police)
355,Czechia,26/01/2023,04/02/2023,10,"High pressure of irregular migration in transit, activity of organised groups of smugglers, deterioration of the migratory and security situation at the EU’s external borders; the land border with the Slovak Republic"
354,Austria,27/01/2023,05/02/2023,10,"High migratory pressure, strain on basic care system, smuggling activities, secondary movements; the land border with the Slovak Republic"
353,Czechia,27/12/2022,25/01/2023,30,"High pressure of irregular migration in transit, activity of organised groups of smugglers, deterioration of the migratory and security situation at the EU’s external borders; the land border with the Slovak Republic"
352,Austria,27/12/2022,26/01/2023,31,"High migratory pressure, strain on basic care system, smuggling activities, secondary movements; the land border with the Slovak Republic"
351,Austria,12/12/2022,26/12/2022,15,"Secondary movements, illegal migration from the Eastern Mediterranean and Balkan routes, overburdened basic care system due to high number of asylum applications and displaced persons from Ukraine; the land border with the Slovak Republic"
350,Czechia,12/12/2022,26/12/2022,15,"High pressure of irregular migration in transit, activity of organised groups of smugglers, deterioration of the migratory and security situation at the EU’s external borders; the land border with the Slovak Republic"
349,Austria,12/11/2022,12/12/2022,31,"Increase in irregular migration flows, secondary movements and the situation at the EU’s external borders; the land border with the Slovak Republic"
348,Czechia,12/11/2022,12/12/2022,31,"Irregular migration, activities of organised groups of smugglers; the land border with the Slovak Republic"
347,Czechia,28/10/2022,12/11/2022,16,"Irregular migration, activities of organised groups of smugglers; the land border with the Slovak Republic"
346,Austria,29/10/2022,12/11/2022,15,"Increase in irregular migration flows, secondary movements and the situation at the EU’s external borders; the land border with the Slovak Republic"
345,Germany,12/11/2022,11/05/2023,181,"Secondary movements, smuggling, strain on national refugee reception facilities, need to increase security of critical infrastructures; the land border with Austria"
344,Denmark,12/11/2022,11/05/2023,181,"War in Ukraine, smuggling and human trafficking, Russians fleeing conscription, returning terrorist fighters, risk of exploiting by terrorists the migration routes, incidents involving the organised crime; the land borders and ports with ferry connections with Germany and Sweden"
343,Norway,12/11/2022,11/05/2023,181,"War in Ukraine, need to increase the security of the Norwegian on-shore and off-shore gas facilities, situation at the external border; ports with ferry connections to the Schengen area"
342,Austria,12/11/2022,11/05/2023,181,"War in Ukraine, need to increase the security of the Norwegian on-shore and off-shore gas facilities, situation at the external border; ports with ferry connections to the Schengen area"
341,Sweden,12/11/2022,11/05/2023,181,"Irregular migration, risk of secondary movement, situation at the external border; all internal borders"
340,Austria,09/10/2022,28/10/2022,20,"Increase in irregular migration flows, secondary movements and the situation at the EU’s external borders; the land border with the Slovak Republic"
339,France,01/11/2022,30/04/2023,181,"New terrorist threats, organised criminality, activity of organised groups of smugglers, risk of arrival of persons who could pose a threat among the flow of refugees, irregular migration, secondary movement, the situation at the external border (Ukraine war); all internal border as well as sea and air borders"
338,Czechia,08/10/2022,28/10/2022,21,"Irregular migration, activity of organised groups of smugglers; the land border with the Slovak Republic"
337,Austria,29/09/2022,08/10/2022,10,"Secondary movements, activity of organised groups of smugglers; the land border with the Slovak Republic"
336,Czechia,29/09/2022,08/10/2022,10,"Irregular migration, activity of organised groups of smugglers; the land border with the Slovak Republic"
335,Germany,13/06/2022,03/07/2022,21,G7 Summit in Elmau; all internal borders
334,Spain,22/06/2022,03/07/2022,12,"NATO 2022 Summit; land borders with France and Portugal, internal air borders of Madrid, Barcelona, Alicante, Bilbao, Girona, Málaga, Sevilla and Valencia, and internal sea borders of Barcelona, Valencia and Málaga"
333,Estonia,22/05/2022,31/05/2022,10,"Secondary movements, to facilitate the entry and reception of people arriving from Ukraine; border with Latvia"
332,Germany,12/05/2022,11/11/2022,184,"Secondary movements, situation at the external borders; land border with Austria"
331,Estonia,22/04/2022,21/05/2022,30,"Secondary movements, to facilitate the entry and reception of people arriving from Ukraine; border with Latvia"
330,Denmark,12/05/2022,11/11/2022,184,"Terrorist threats, organized criminality threats, impact of the war in Ukraine (high risk of weapons from Ukraine to flow towards Danish criminal organisations, risk of arrival of persons who could pose a threat among the flow of refugees); to be determined but may concern all internal borders, focus on land border and on ports with ferry connections to Germany and Sweden"
329,Austria,12/05/2022,11/11/2022,184,"Secondary movements, situation at the external borders, effects of the war in Ukraine (potential risk that weapons are brought to the EU, use of established flight and migration routes by organised crime actors); land borders with Hungary and with Slovenia"
328,Norway,12/05/2022,11/11/2022,184,"Terrorist threats, secondary movements; ports with ferry connections to the Schengen area"
327,Sweden,12/05/2022,11/11/2022,184,"Terrorist threats, shortcomings at the external borders, risk of weapons from Ukraine to be smuggled into the EU and the Schengen area; to be determined but may concern all internal borders"
326,Estonia,02/04/2022,21/04/2022,20,"Secondary movements, to facilitate the entry and reception of people arriving from Ukraine; border with Latvia"
325,France,01/05/2022,31/10/2022,184,"Continuous terrorist threat, secondary movements, Coronavirus COVID-19; all internal borders"
324,Estonia,13/03/2022,01/04/2022,20,"Secondary movements, to facilitate the entry and reception of people arriving from Ukraine; border with Latvia"
323,Estonia,03/03/2022,12/03/2022,10,"Secondary movements, to facilitate the entry and reception of people arriving from Ukraine; border with Latvia"
322,Finland,17/01/2022,31/01/2022,15,Coronavirus COVID-19; all internal borders
321,Finland,28/12/2021,16/01/2022,20,Coronavirus COVID-19; all internal borders
320,Italy,27/10/2021,01/11/2021,6,G-20 meeting in Rome (30-31/10/2021); all internal borders
319,Denmark,12/11/2021,11/05/2022,181,"Terrorist threats, organized criminality threats; to be determined but may concern all internal borders, focus on land border and on ports with ferry connections to Germany and Sweden"
318,Norway,12/11/2021,11/05/2022,181,"Terrorist threats, secondary movements; ports with ferry connections to Denmark, Germany and Sweden"
317,Germany,12/11/2021,11/05/2022,181,"Secondary movements, situation at the external borders; land border with Austria"
316,Austria,12/11/2021,11/05/2022,181,"Secondary movements, risk related to terrorists and organized crime, situation at the external borders; land borders with Hungary and with Slovenia"
315,Sweden,12/11/2021,11/05/2022,181,"Terrorist threats, shortcomings at the external borders; to be determined but may concern all internal borders"
314,France,01/11/2021,30/04/2022,181,"Continuous terrorist threat, secondary movements, Coronavirus COVID-19; all internal borders"
313,Norway,08/09/2021,07/10/2021,30,Coronavirus COVID-19; all internal borders
312,Finland,19/07/2021,25/07/2021,7,"Coronavirus COVID-19; internal borders with the Netherlands, Belgium, Spain, Greece, Latvia, Liechtenstein, Luxembourg, Malta, Norway, Portugal, France, Slovenia, Sweden, Denmark and Estonia"
311,Finland,12/07/2021,25/07/2021,14,"Coronavirus COVID-19; internal borders with the Netherlands, Belgium, Spain, Greece, Latvia, Liechtenstein, Luxembourg, Norway, Portugal, France, Sweden, Denmark and Estonia"
310,Finland,01/07/2021,11/07/2021,11,"Coronavirus COVID-19; internal borders with the Netherlands, Belgium, Spain, Greece, Latvia, Lithuania, Luxembourg, Norway, Portugal, France, Sweden, Slovenia, Switzerland, Denmark and Estonia"
309,Finland,21/06/2021,11/07/2021,21,"Coronavirus COVID-19; all internal borders except the borders with Hungary, Iceland, Malta and Poland"
308,Finland,07/06/2021,27/06/2021,21,Coronavirus COVID-19; all internal borders except the borders with Iceland and Malta
307,Hungary,23/05/2021,22/06/2021,31,Coronavirus COVID-19; all internal borders
306,Finland,24/05/2021,15/06/2021,23,Coronavirus COVID-19; all internal borders except the border with Iceland
305,Iceland,17/05/2021,15/06/2021,30,Coronavirus COVID-19; all internal borders
304,Sweden,12/05/2021,11/11/2021,184,"Terrorist threats, shortcomings at the external borders; to be determined but may concern all internal borders"
303,Iceland,07/05/2021,16/05/2021,10,Coronavirus COVID-19; all internal borders
302,Norway,11/05/2021,07/09/2021,120,Coronavirus COVID-19; all internal borders
301,Austria,29/04/2021,28/05/2021,30,Coronavirus COVID-19; borders with the Slovak Republic and the Czechia
300,Finland,26/04/2021,25/05/2021,30,Coronavirus COVID-19; all internal borders except the border with Iceland
299,Iceland,17/04/2021,06/05/2021,20,Coronavirus COVID-19; all internal borders
298,Norway,10/05/2021,09/11/2021,184,"Terrorist threats, secondary movements; ports with ferry connections to Denmark, Germany and Sweden"
297,Spain,16/04/2021,01/05/2021,16,Coronavirus COVID-19; land border with Portugal
296,Hungary,19/04/2021,22/05/2021,34,Coronavirus COVID-19; all internal borders
295,Portugal,16/04/2021,30/04/2021,15,Coronavirus COVID-19; internal border with Spain
294,Denmark,12/05/2021,11/11/2021,184,"Terrorist threats, organized criminality threats, Coronavirus COVID-19; to be determined but may concern all internal borders"
293,Germany,12/05/2021,11/11/2021,184,"Secondary movements, situation at the external borders; land border with Austria"
292,Austria,12/05/2021,11/11/2021,184,"Secondary movements, risk related to terrorists and organized crime, situation at the external borders; land borders with Hungary and with Slovenia"
291,Norway,11/04/2021,10/05/2021,30,Coronavirus COVID-19; all internal borders
290,Hungary,08/04/2021,18/04/2021,11,Coronavirus COVID-19; all internal borders
289,Portugal,01/04/2021,15/04/2021,15,Coronavirus COVID-19; internal border with Spain
288,France,01/05/2021,31/10/2021,184,"Continuous terrorist threat, secondary movements, Coronavirus COVID-19; all internal borders"
287,Spain,06/04/2021,16/04/2021,11,Coronavirus COVID-19; land border with Portugal
286,Germany,01/04/2021,14/04/2021,14,Coronavirus COVID-19; internal borders with the Czechia
285,Belgium,02/04/2021,18/04/2021,17,Coronavirus COVID-19; all internal borders
284,Finland,01/04/2021,30/04/2021,30,Coronavirus COVID-19; all internal borders except the border with Iceland
283,Iceland,28/03/2021,16/04/2021,20,Coronavirus COVID-19; all internal borders
282,Hungary,29/03/2021,07/04/2021,10,Coronavirus COVID-19; all internal borders
281,Austria,30/03/2021,28/04/2021,30,Coronavirus COVID-19; borders with the Slovak Republic and the Czechia
280,Hungary,22/03/2021,28/03/2021,7,Coronavirus COVID-19; all internal borders
279,Iceland,18/03/2021,27/03/2021,10,Coronavirus COVID-19; all internal borders
278,Belgium,27/03/2021,01/04/2021,6,Coronavirus COVID-19; all internal borders
277,Belgium,18/03/2021,26/03/2021,9,Coronavirus COVID-19; all internal borders
276,Germany,18/03/2021,31/03/2011,1,"Coronavirus COVID-19; land and air border with the Czechia, air border with Austria"
275,Portugal,17/03/2021,31/03/2021,15,Coronavirus COVID-19; internal border with Spain
274,Norway,12/03/2021,10/04/2021,30,Coronavirus COVID-19; all internal borders
273,Spain,16/03/2021,06/04/2021,22,Coronavirus COVID-19; land border with Portugal
272,Hungary,16/03/2021,21/03/2021,6,Coronavirus COVID-19; all internal borders
271,Finland,19/03/2021,17/04/2021,30,Coronavirus COVID-19; all internal borders except the border with Iceland
270,Germany,04/03/2021,17/03/2021,14,"Coronavirus COVID-19; land and air border with the Czechia, air border with Austria"
269,Portugal,02/03/2021,16/03/2021,15,Coronavirus COVID-19; internal border with Spain
268,Belgium,26/02/2021,17/03/2021,20,Coronavirus COVID-19; all internal borders
267,Hungary,28/02/2021,15/03/2021,16,Coronavirus COVID-19; all internal borders
266,Spain,01/03/2021,16/03/2021,16,Coronavirus COVID-19; land border with Portugal
265,Austria,28/02/2021,29/03/2021,30,Coronavirus COVID-19; borders with the Slovak Republic and the Czechia
264,Germany,24/02/2021,03/03/2021,8,"Coronavirus COVID-19; land and air border with the Czechia, air border with Austria"
263,Finland,22/02/2021,18/03/2021,25,Coronavirus COVID-19; all internal borders except the border with Iceland
262,Portugal,10/02/2021,01/03/2021,20,Coronavirus COVID-19; internal border with Spain
261,Germany,14/02/2021,23/02/2021,10,"Coronavirus COVID-19; land and air border with the Czechia, air border with Austria"
260,Spain,10/02/2021,01/03/2021,20,Coronavirus COVID-19; land border with Portugal
259,Norway,10/02/2021,12/03/2021,31,Coronavirus COVID-19; all internal borders
258,Belgium,06/02/2021,25/02/2021,20,Coronavirus COVID-19; all internal borders
257,Austria,08/02/2021,27/02/2021,20,Coronavirus COVID-19; borders with the Slovak Republic and the Czechia
256,Portugal,31/01/2021,09/02/2021,10,Coronavirus COVID-19; internal border with Spain
255,Spain,31/01/2021,10/02/2021,11,Coronavirus COVID-19; land border with Portugal
254,Hungary,29/01/2021,27/02/2021,30,Coronavirus COVID-19; all internal borders
253,Belgium,27/01/2021,05/02/2021,10,Coronavirus COVID-19; all internal borders
252,Finland,27/01/2021,25/02/2021,30,"Coronavirus COVID-19; all internal borders, since 15/02/2021 all internal borders except the border with Iceland"
251,Austria,19/01/2021,07/02/2021,20,Coronavirus COVID-19; borders with the Slovak Republic and the Czechia
250,Austria,09/01/2021,18/01/2021,10,Coronavirus COVID-19; borders with the Slovak Republic and the Czechia
249,Finland,11/01/2021,09/02/2021,30,Coronavirus COVID-19; all internal borders
248,Hungary,30/12/2020,28/01/2021,30,Coronavirus COVID-19; all internal borders
247,Finland,14/12/2020,12/01/2021,30,Coronavirus COVID-19; all internal borders
246,Hungary,30/11/2020,29/12/2020,30,Coronavirus COVID-19; all internal borders
245,Finland,23/11/2020,13/12/2020,21,Coronavirus COVID-19; all internal borders
244,Austria,12/11/2020,11/05/2021,181,"Secondary movements, risk related to terrorists and organized crime, situation at the external borders; land borders with Hungary and with Slovenia"
243,Norway,12/11/2020,09/02/2021,91,Coronavirus COVID-19; all internal borders
242,Finland,11/11/2020,22/11/2020,12,Coronavirus COVID-19; all internal borders
241,Hungary,31/10/2020,29/11/2020,30,Coronavirus COVID-19; all internal borders
240,Germany,12/11/2020,11/05/2021,181,"Secondary movements, situation at the external borders; land border with Austria"
239,Norway,12/11/2020,11/05/2021,181,"Terrorist threats, secondary movements; ports with ferry connections to Denmark, Germany and Sweden"
238,Norway,13/10/2020,11/11/2020,30,Coronavirus COVID-19; all internal borders
237,Denmark,12/11/2020,11/05/2021,181,"Terrorist threats, organized criminality threats, Coronavirus COVID-19; to be determined but may concern all internal borders"
236,Sweden,12/11/2020,11/05/2021,181,"Terrorist threats, shortcomings at the external borders; to be determined but may concern all internal borders"
235,France,01/11/2020,30/04/2021,181,"Terrorist threats, situation at the external borders: all internal borders"
234,Finland,12/10/2020,10/11/2020,30,Coronavirus COVID-19; all internal borders
233,Finland,18/09/2020,18/10/2020,31,Coronavirus COVID-19; borders with Lithuania and Poland
232,Finland,18/09/2020,18/10/2020,31,"Coronavirus COVID-19; borders with Iceland, Norway, Sweden, Germany, Slovakia, Estonia"
231,Norway,14/09/2020,13/10/2020,30,Coronavirus COVID-19: all internal borders
230,Hungary,30/09/2020,30/10/2020,31,Coronavirus COVID-19: all internal borders
229,Finland,18/09/2020,18/10/2020,31,"Coronavirus COVID-19; borders with Austria, Belgium, Switzerland, Czechia, Denmark, Greece, Italy, Hungary, Spain, France, Luxembourg, The Netherlands, Malta, Portugal, Sweden, Slovenia"
228,Hungary,01/09/2020,30/09/2020,30,"Coronavirus COVID-19: to protect public health, all internal borders"
227,Finland,24/08/2020,18/09/2020,26,"Coronavirus COVID-19; borders with Austria, Belgium; Switzerland, Czechia, Germany, Denmark, Spain, France, Iceland, Luxembourg, Malta, The Netherlands, Norway, Poland, Portugal, Sweden, Slovenia"
226,Norway,14/08/2020,13/09/2020,31,"coronavirus COVID-19; internal air, land and sea borders"
225,Lithuania,16/08/2020,14/09/2020,30,coronavirus COVID-19; internal air and sea borders
224,Finland,10/08/2020,08/09/2020,30,"coronavirus COVID-19; borders with Spain, Luxembourg, Portugal, Poland, France, Sweden, Czechia, Austria, Slovenia and Switzerland"
223,Finland,27/07/2020,25/08/2020,30,"coronavirus COVID-19; borders with Spain, Luxembourg, Portugal, Poland, France, Sweden, Czechia, Austria, Slovenia and Switzerland"
222,Lithuania,17/07/2020,15/08/2020,30,coronavirus COVID-19; internal air and sea borders
221,Finland,15/07/2020,11/08/2020,28,"coronavirus COVID-19; borders with Spain, Luxembourg, Portugal, Poland, France, Sweden and Czechia"
220,Spain,21/06/2020,30/06/2020,10,coronavirus COVID-19; borders with Portugal
219,Portugal,16/06/2020,30/06/2020,15,coronavirus COVID-19; land border with Spain
218,Germany,16/06/2020,21/06/2020,6,"coronavirus COVID-19; air borders with Spain (lifting the controls reintroduced on the basis of coronavirus at the borders with Austria, Switzerland, France, Denmark and Italy as of 15 June 2020)"
217,Iceland,16/06/2020,22/06/2020,7,coronavirus COVID-19; all internal borders
216,Finland,15/06/2020,14/07/2020,30,"coronavirus COVID-19; all internal borders, except borders with Norway, Denmark, Iceland, Estonia, Latvia and Lithuania"
215,Lithuania,17/06/2020,16/07/2020,30,coronavirus COVID-19; internal air and sea borders (lifting the border controls at the land border with Poland as of 12 June 2020)
214,Switzerland,09/06/2020,15/06/2020,7,coronavirus COVID-19; all internal air and land borders except from borders with Liechtenstein
213,Czechia,14/06/2020,30/06/2020,17,coronavirus COVID-19; all internal air borders (lifting the border controls at the internal land borders as of 5 June 2020)
212,Spain,08/06/2020,21/06/2020,14,coronavirus COVID-19; all internal borders
211,Iceland,04/06/2020,15/06/2020,12,coronavirus COVID-19; all internal borders
210,Belgium,09/06/2020,14/06/2020,6,coronavirus COVID-19; all internal borders
209,Austria,01/06/2020,15/06/2020,15,"coronavirus COVID-19; land borders with Germany, Italy, Switzerland, Liechtenstein, Slovakia and Czechia"
208,Lithuania,01/06/2020,16/06/2020,16,"coronavirus COVID-19; land border with Poland, sea borders, air borders"
207,Slovakia,28/05/2020,26/06/2020,30,"coronavirus COVID-19, all internal borders"
206,Spain,24/05/2020,07/06/2020,15,coronavirus COVID-19; all internal borders
205,Estonia,18/05/2020,16/06/2020,30,coronavirus COVID-19; internal air and sea borders (lifting the border controls at the internal land borders as of 15 May 2020)
204,Iceland,14/05/2020,03/06/2020,21,coronavirus COVID-19; all internal borders
203,Germany,16/05/2020,15/06/2020,31,"coronavirus COVID-19; land and air borders with Austria, Switzerland, France, Denmark, Italy and Spain, sea border with Denmark"
202,Portugal,15/05/2020,15/06/2020,32,coronavirus COVID-19; land border with Spain
201,Spain,15/05/2020,24/05/2020,10,coronavirus COVID-19; all internal sea and air borders
200,Poland,14/05/2020,12/06/2020,30,"coronavirus COVID-19; land borders with Czechia, Slovakia, Germany, Lithuania, sea borders, air borders"
199,Slovakia,08/05/2020,27/05/2020,20,"coronavirus COVID-19, all internal borders"
198,Hungary,12/05/2020,11/11/2020,184,coronavirus COVID-19; all land and air borders
197,Spain,10/05/2020,24/05/2020,15,coronavirus COVID-19; all land borders
196,Finland,14/05/2020,14/06/2020,32,coronavirus COVID-19; all internal borders
195,Lithuania,14/05/2020,31/05/2020,18,coronavirus COVID-19; all internal borders
194,Czechia,14/05/2020,13/06/2020,31,"coronavirus COVID-19; land borders with Germany and Austria, air borders"
193,Austria,08/05/2020,31/05/2020,24,"coronavirus COVID-19; land borders with Germany, Italy, Switzerland, Liechtenstein, Slovakia and Czechia"
192,Iceland,04/05/2020,15/05/2020,12,coronavirus COVID-19; all internal borders
191,Poland,04/05/2020,13/05/2020,10,"coronavirus COVID-19; land borders with Czechia, Slovakia, Germany, Lithuania, sea borders, air borders"
190,Portugal,05/05/2020,15/05/2020,11,coronavirus COVID-19; land border with Spain
189,Germany,05/05/2020,15/05/2020,11,"coronavirus COVID-19; land and air borders with Austria, Switzerland, France, Luxembourg, Denmark, Italy and Spain, sea border with Denmark"
188,Czechia,24/04/2020,14/05/2020,21,"coronavirus COVID-19; land borders with Germany and Austria, air borders"
187,Switzerland,02/05/2020,08/06/2020,38,coronavirus COVID-19; all internal air and land borders except from borders with Liechtenstein
186,Norway,05/05/2020,16/05/2020,12,coronavirus COVID-19; all internal borders
185,Belgium,08/05/2020,08/06/2020,32,coronavirus COVID-19; all internal borders
184,Spain,26/04/2020,10/05/2020,15,coronavirus COVID-19; all land borders
183,Hungary,01/05/2020,11/05/2020,11,coronavirus COVID-19; all land and air borders
182,Estonia,01/05/2020,17/05/2020,17,coronavirus COVID-19; all internal borders
181,Austria,28/04/2020,07/05/2020,10,"coronavirus COVID-19; land borders with Germany, Italy, Switzerland, Liechtenstein, Slovakia and Czechia"
180,Lithuania,28/04/2020,14/05/2020,17,coronavirus COVID-19; all internal borders
179,Iceland,24/04/2020,04/05/2020,11,coronavirus COVID-19; all internal borders
178,Austria,12/05/2020,11/11/2020,184,"secondary movements, risk related to terrorists and organized crime, situation at the external borders, risk of Coronavirus causing additional migrant movements; land borders with Hungary and with Slovenia"
177,Belgium,19/04/2020,08/05/2020,20,coronavirus COVID-19; all internal borders
176,Slovakia,17/04/2020,07/05/2020,21,"coronavirus COVID-19, all internal borders"
175,Germany,15/04/2020,05/05/2020,21,"coronavirus COVID-19; internal land and air borders with Austria, Switzerland, France, Luxembourg, Denmark, Italy and Spain, sea border with Denmark"
175,Germany,12/05/2020,11/11/2020,184,"secondary movements, situation at the external borders; land border with Austria"
174,Estonia,15/04/2020,01/05/2020,17,coronavirus COVID-19; all internal borders
173,Portugal,15/04/2020,05/05/2020,21,coronavirus COVID-19; land border with Spain
172,Norway,15/04/2020,05/05/2020,21,coronavirus COVID-19; all internal borders
172,Norway,15/05/2020,13/08/2020,91,coronavirus COVID-19; all internal borders
172,Norway,12/05/2020,12/11/2020,184,"terrorist threats, secondary movements; ports with ferry connections with Denmark, Germany and Sweden"
171,Poland,14/04/2020,03/05/2020,20,"coronavirus COVID-19; land borders with Czechia, Slovakia, Germany, Lithuania, sea borders, air borders"
170,Hungary,11/04/2020,01/05/2020,21,coronavirus COVID-19; all land and air borders
169,Slovakia,08/04/2020,17/04/2020,10,"coronavirus COVID-19, all internal borders"
168,Spain,11/04/2020,26/04/2020,16,coronavirus COVID-19; all land borders
167,Austria,10/04/2020,27/04/2020,18,coronavirus COVID-19; land borders with Czechia and Slovakia
166,Lithuania,13/04/2020,27/04/2020,15,coronavirus COVID-19; all internal borders
165, Switzerland,12/04/2020,02/05/2020,21,coronavirus COVID-19; all internal air and land borders except from borders with Liechtenstein
164, Sweden,12/05/2020,12/11/2020,184,"terrorist threats, shortcomings at the external borders"
164, Sweden,12/05/2020,12/11/2020,184,"coronavirus COVID-19 (to the extent necessary), terrorist threats, organized criminality; all land, air, and sea borders"
163, Denmark,12/05/2020,12/11/2020,184,"may concern all internal borders. After lifting the COVID-19 travel restrictions, the border controls will be limited to the Danish land and sea borders with Germany and Sweden (Øresundsforbindelsen)"
162, Austria,08/04/2020,27/04/2020,20,"coronavirus COVID-19; land borders with Germany, Italy, Switzerland, and Liechtenstein"
161, Finland,14/04/2020,13/05/2020,30,coronavirus COVID-19; all internal borders
160, Switzerland,08/05/2020,31/05/2020,24,coronavirus COVID-19; all air borders except air borders with Liechtenstein
159, Czechia,04/05/2020,15/05/2020,12,"coronavirus COVID-19; land borders with Germany and Austria, air borders"
158, France,04/05/2020,13/05/2020,10,"continuous terrorist threat and the risk of terrorists using the vulnerability of States due to COVID-19 pandemics, support to measures aiming at containing the spread of virus; all internal borders"
157, Belgium,05/05/2020,15/05/2020,11,coronavirus COVID-19; all internal borders
156, Portugal,05/05/2020,15/05/2020,11,coronavirus COVID-19; land border with Spain
155, Norway,24/04/2020,14/05/2020,21,coronavirus COVID-19; all internal borders
154, Spain,02/05/2020,08/06/2020,38,coronavirus COVID-19; all land borders
153, Germany,05/05/2020,16/05/2020,12,"coronavirus COVID-19; internal land and air borders with Austria ,Switzerland, France, Luxembourg, Denmark, Italy, and Spain, sea border with Denmark"
152, Poland,08/05/2020,08/06/2020,32,"coronavirus COVID-19; land borders with Czechia, Slovakia, Germany, Lithuania, sea borders, air borders"
151, Lithuania,26/04/2020,10/05/2020,15,coronavirus COVID-19: all internal borders
150, Switzerland,01/05/2020,11/05/2020,11,coronavirus COVID-19: all air borders except air borders with Liechtenstein
149, Estonia,01/05/2020,17/05/2020,17,coronavirus COVID-19: all internal borders
148, Switzerland,28/04/2020,07/05/2020,10,"coronavirus COVID-19: air borders with Italy, France, Germany, Austria, and Spain"
147, Switzerland,28/04/2020,14/05/2020,17,"coronavirus COVID-19: land borders with France, Germany, and Austria"
146, Switzerland,24/04/2020,04/05/2020,11,coronavirus COVID-19: land border with Italy
145, Belgium,12/05/2020,11/11/2020,184,coronavirus COVID-19: all internal borders
144, Germany,19/04/2020,08/05/2020,20,"coronavirus COVID-19: air borders with Austria, Switzerland, France, Luxembourg, Denmark, Italy, and Spain, sea borders with Denmark"
143, Austria,17/04/2020,07/05/2020,21,"coronavirus COVID-19: land borders with Germany, Italy, Switzerland, and Liechtenstein"
142, Hungary,15/04/2020,05/05/2020,21,"coronavirus COVID-19: land borders with Slovenia, Austria, and Slovakia, all air borders"
141, Switzerland,12/05/2020,11/11/2020,184,"coronavirus COVID-19: air borders with Spain, Italy, France, Germany, and Austria"
140, Finland,15/04/2020,01/05/2020,17,coronavirus COVID-19: all internal borders
139, Spain,15/04/2020,05/05/2020,21,coronavirus COVID-19: all land borders
138, Portugal,15/04/2020,05/05/2020,21,coronavirus COVID-19: land border with Spain
137, Switzerland,15/05/2020,13/08/2020,91,"coronavirus COVID-19: land borders with France, Germany, and Austria"
136, Norway,12/05/2020,12/11/2020,184,coronavirus COVID-19: all internal borders
135, Estonia,14/04/2020,03/05/2020,20,"coronavirus COVID-19: land borders with Latvia, air borders, sea borders"
134, Czechia,11/04/2020,01/05/2020,21,"coronavirus COVID-19: land borders with Germany and Austria, air borders"
133, Germany,08/04/2020,17/04/2020,10,"coronavirus COVID-19: land borders with Luxembourg, France, Switzerland, and Austria"
132, Lithuania,11/04/2020,26/04/2020,16,coronavirus COVID-19: all internal borders
131, Poland,10/04/2020,27/04/2020,18,"coronavirus COVID-19: land borders with Czechia, Slovakia, Germany, Lithuania, sea borders, air borders"
130, Denmark,13/04/2020,27/04/2020,15,"coronavirus COVID-19, terrorist threats, organized criminality from Sweden: all land, air and sea borders"
129, Austria,12/04/2020,02/05/2020,21,coronavirus COVID-19: land borders with Switzerland and Liechtenstein
128, Switzerland,12/05/2020,12/11/2020,184,coronavirus COVID-19: land border with Italy
127, Czechia,12/05/2020,12/11/2020,184,"coronavirus COVID-19: land borders with Austria and Germany, air borders"
126, Hungary,12/05/2020,12/11/2020,184,coronavirus COVID-19: land borders with Austria and Slovenia
125, Austria,08/04/2020,27/04/2020,20,coronavirus COVID-19: land border with Italy
124, Spain,14/04/2020,13/05/2020,30,"XXV United Nations Conference on Climate Change (COP25) in Madrid: Air borders (mainly Madrid and Barcelona airports), sea borders, mainly ports in northern Spain, land border with France, keeping the usual authorized crossing points."
123, Norway,12/11/2019,12/05/2020,184,"terrorist threats, secondary movements; 12/11/2019 - 12/05/2020, terrorist threats, shortcomings at the external borders; 12/11/2019 - 12/05/2020, terrorist threats, organized criminality from Sweden"
122, Sweden,12/11/2019,12/05/2020,184,"terrorist threats, shortcomings at the external borders; to be determined but may concern all internal borders;"
121, Denmark,12/11/2019,12/05/2020,184,"terrorist threats, organized criminality from Sweden; land border with Germany and with Sweden, ferry connections to Germany and to Sweden, until 12 May 2020;"
120, Austria,12/11/2019,12/05/2020,184,"coronavirus COVID-19 (as of mid-March), secondary movements, risk related to terrorists and organized crime, situation at the external borders; land borders with Hungary and with Slovenia"
119, Germany,12/11/2019,12/05/2020,184,"secondary movements, situation at the external borders; land border with Austria;"
118, France,12/11/2019,12/05/2020,184,"secondary movements, situation at the external borders; 31/10/2019 - 30/04/2020, coronavirus COVID-19 (as of beginning of March), persistent terrorist threat, upcoming high profile political event in Paris, secondary movements; land border with Austria; all internal borders"
117, Norway,12/05/2019,12/11/2019,184,"security situation in Europe; all internal borders with an initial focus on ferry connections with Denmark, Germany, and Sweden"
116, Sweden,12/05/2019,12/11/2019,184,serious threat to public policy and internal security; to be determined but may concern all internal borders
115, Denmark,12/05/2019,12/11/2019,184,severe threat to public order and internal security; internal border with Germany (land and ports with ferry connections)
114, Austria,12/05/2019,12/11/2019,184,security situation in Europe and continuous significant secondary movements; land borders with Hungary and with Slovenia
113, Germany,12/05/2019,12/11/2019,184,migration and security policy; land border with Austria
112, France,01/05/2019,31/10/2019,184,"Terrorist threats, situation at the external borders"
111, Poland,10/02/2019,16/02/2019,7,Ministerial to Promote a Future of Peace and Security in the Middle East; all internal borders
110, Sweden,12/02/2019,11/05/2019,89,serious threat to public policy and internal security; all internal borders
109, Poland,22/11/2018,16/12/2018,25,"climate conference COPT 24, all internal borders"
108, Austria,12/11/2018,11/05/2019,182,security situation in Europe and threats resulting from the continuous significant secondary movements; land borders with Hungary and with Slovenia
107, Norway,12/11/2018,11/05/2019,182,"security situation in Europe and threats resulting from the continuous significant secondary movements; all internal borders with an initial focus on ferry connections with Denmark, Germany, and Sweden"
106, Sweden,12/11/2018,11/02/2019,92,serious threat to public policy and internal security; all internal borders
105, Denmark,12/11/2018,11/05/2019,182,persistent and severe threat to public order and internal security; all internal borders with an initial focus on the land border with Germany and ports with connection to Germany
104, Germany,12/11/2018,11/05/2019,182,threats resulting from the continuous significant secondary movements; land border with Austria
103, France,01/11/2018,30/04/2019,181,"Terrorist threats, situation at the external borders, upcoming high-level political meetings"
102, Austria,17/09/2018,21/09/2018,5,"informal meeting of the European Council in Salzburg; border Salzburg and Upper Austria to Germany, border East Tyrol and Carinthia to Italy, Salzburg Airport (all arriving flights)"
101, Austria,07/09/2018,13/09/2018,7,"informal meeting of Justice and Home Affairs Ministers in Innsbruck; border Tyrol to Germany, border North Tyrol to Italy, Innsbruck Airport (all arriving flights)"
100, Norway,12/05/2018,11/11/2018,184,"security situation in Europe and threats resulting from the continuous significant secondary movements; all internal borders with an initial focus on ferry connections with Denmark, Germany, and Sweden"
99, Sweden,12/05/2018,11/11/2018,184,continuous serious threat to public policy and internal security; all internal borders
98, Denmark,12/05/2018,11/11/2018,184,security situation in Europe and threats resulting from the continuous significant secondary movements; all internal borders with an initial focus on the land border with Germany and ports with connection to Germany
97, Germany,12/05/2018,11/11/2018,184,security situation in Europe and threats resulting from the continuous significant secondary movements; land border with Austria
96, Austria,12/05/2018,11/11/2018,184,security situation in Europe and threats resulting from the continuous significant secondary movements; land borders with Hungary and with Slovenia
95, France,30/04/2018,30/10/2018,184,persistent terrorist threat; all internal borders
94, Sweden,12/11/2017,19/11/2017,8,Social Summit for Fair Jobs and Growth; Gothenburg Landvetter Airport and Svinesund (Sweden/Norway border)
93, Norway,12/11/2017,12/05/2018,182,"security situation in Europe and threats resulting from the continuous significant secondary movements; ferry connections with Denmark, Germany, and Sweden"
92, Sweden,12/11/2017,12/05/2018,182,security situation in Europe and threats resulting from the continuous significant secondary movements; selected harbours in Police Regions South and West and at the Öresund Bridge
91, Denmark,12/11/2017,12/05/2018,182,security situation in Europe and threats resulting from the continuous significant secondary movements; internal border with Germany
90, Germany,12/11/2017,12/05/2018,182,security situation in Europe and threats resulting from the continuous significant secondary movements; land border with Austria and flight connections from Greece
89, Austria,12/11/2017,12/05/2018,182,Security situation in Europe and threats resulting from the continuous significant secondary movements; land borders with Hungary and with Slovenia
88, France,01/11/2017,30/04/2018,181,Persistent terrorist threat;All internal borders
87, Norway,26/08/2017,25/09/2017,31,UCI Road World Championship in Bergen; Bergen air border
86, France,16/07/2017,31/10/2017,108,Persistent terrorist threat; all internal borders
85, Italy,10/05/2017,30/05/2017,21,G7 Summit Taormina
84, Norway,11/05/2017,11/11/2017,185,"In line with Recommendation of the Council of 11 May 2017, in the Norwegian ports with ferry connections to Denmark, Germany, and Sweden"
83, Sweden,11/05/2017,11/11/2017,185,"In line with Recommendation of the Council of 11 May 2017, Swedish harbors in the Police Region South and West and at the Öresund bridge"
82, Denmark,11/05/2017,11/11/2017,185,"In line with Recommendation of the Council of 11 May 2017, Danish ports with ferry connections to Germany and at the Danish-German land border"
81, Germany,11/05/2017,11/11/2017,185,"In line with Recommendation of the Council of 11 May 2017, land border with Austria"
80,Austria,11/05/2017,11/11/2017,185,"In line with Recommendation of the Council of 11 May 2017, land border with Slovenia and with Hungary"
79,Norway,11/02/2017,11/05/2017,89,"In line with Recommendation of the Council of 7 February 2017, in the Norwegian ports with ferry connections to Denmark, Germany and Sweden"
78,Sweden,11/02/2017,10/05/2017,88,"In line with Recommendation of the Council of 7 February 2017, Swedish harbors in the Police Region South and West and at the Öresund bridge"
77,Denmark,11/02/2017,11/05/2017,89,"In line with Recommendation of the Council of 7 February 2017, Danish ports with ferry connections to Germany and at the Danish-German land border"
76,Germany,11/02/2017,11/05/2017,89,"In line with Recommendation of the Council of 7 February 2017, land border with Austria"
75,Austria,11/02/2017,11/05/2017,89,"In line with Recommendation of the Council of 7 February 2017, land border with Slovenia and with Hungary"
74,France,27/01/2017,15/07/2017,170,Persistent terrorist threat - all internal borders
73,Malta,21/01/2017,09/02/2017,20,Malta Informal Summit and Joint Valetta Action Plan Meeting - air and sea borders
72,Norway,12/11/2016,12/02/2017,93,"In line with Recommendation of the Council of 11 November 2016, in the Norwegian ports with ferry connections to Denmark, Germany and Sweden"
71,Sweden,12/11/2016,12/02/2017,93,"In line with Recommendation of the Council of 11 November 2016, Swedish harbors in the Police Region South and West and at the Öresund bridge"
70,Denmark,12/11/2016,12/02/2017,93,"In line with Recommendation of the Council of 11 November 2016, Danish ports with ferry connections to Germany and at the Danish-German land border"
69,Germany,12/11/2016,12/02/2017,93,"In line with Recommendation of the Council of 11 November 2016, land border with Austria"
68,Austria,12/11/2016,12/02/2017,93,"In line with Recommendation of the Council of 11 November 2016, land border with Slovenia and with Hungary"
67,France,26/07/2016,26/01/2017,185,In relation to the emergency state as introduced further to the Nice attack All internal borders
66,Poland,04/07/2016,02/08/2016,30,"NATO Summit, World Youth Days and visit of Pope All internal borders"
65,Norway,10/06/2016,12/11/2016,156,"In line with Recommendation of the Council of 12 May 2016 under Art.29 of the SBC Norwegian ports with ferry connections to Denmark, Germany and Sweden."
64,Sweden,08/06/2016,12/11/2016,158,In line with Recommendation of the Council of 12 May 2016 under Art.29 of the SBC Swedish harbours in the Police Region South and West and at the Öresund bridge
63,Denmark,01/06/2016,12/11/2016,165,In line with Recommendation of the Council of 12 May 2016 under Art.29 of the SBC Danish ports with ferry connections to Germany and at the Danish-German land border
62,Austria,16/05/2016,12/11/2016,181,"In line with Recommendation of the Council of 12 May 2016 under Art.29 of the SBC, land border with Slovenia and with Hungary"
61,Germany,12/05/2016,12/11/2016,185,"In line with Recommendation of the Council of 12 May 2016 under Art.29 of the SBC, land border with Austria"
60,France,27/05/2016,26/07/2016,61,"EURO 2016, Tour de France, All internal borders"
59,Belgium,23/02/2016,22/04/2016,60,Irregular migrants attempting to travel to UK - Border between the Province of West-Vlaanderen and France
58,Denmark,04/03/2016,02/06/2016,91,"Big influx of persons seeking international protection; All internal borders, with focus on ferries from Germany and land border with Germany."
57,Norway,15/01/2016,11/06/2016,149,Continues threat of big influx of persons seeking international protection; All borders with focus on ports with ferry connections to Norway via internal borders
56,Sweden,10/01/2016,07/06/2016,150,"Continuous big influx of persons seeking international protection; All borders, with special focus on harbours in Police Region South and Police Region West as well as on the Öresund Bridge between Denmark and Sweden."
55,Denmark,04/01/2016,03/03/2016,61,"Unexpected migratory flow; All internal borders, with focus on ferries from Germany and land border with Germany."
54,France,14/12/2015,26/05/2016,165,In relation to the emergency state as introduced further to Paris attacks; All internal borders
53,Norway,26/11/2015,15/01/2016,51,Unexpected migratory flow; All borders with focus on ports with ferry connections to Norway via internal borders
52,Austria,16/11/2015,16/05/2016,183,"Continuous big influx of persons seeking international protection; All borders, with special focus on the land border with Slovenia, Hungary and Italy, subject to possible changes; The border can be crossed only at authorised border crossing points (the list attached)"
51,Germany,14/11/2015,13/05/2016,182,"Continuous big influx of persons seeking international protection; All borders, with focus on the German-Austrian land border"
50,France,13/11/2015,13/12/2015,31,"21st UN Conference on Climate Change from 30 November to 11 December 2015, internal land borders and air borders"
49,Sweden,12/11/2015,09/01/2016,59,"Unprecedented influx of persons; All borders, with special focus on harbours in Police Region South and Police Region West as well as on the Öresund Bridge between Denmark and Sweden."
48,Malta,9/11/2015,31/12/2015,53,Valetta Conference on Migration and Commonwealth Heads of Government Meeting; Terrorist threat and smuggling of illegal migrants; Air and sea passanger terminal
47,Hungary,17/10/2015,26/10/2015,10,"Big influx of persons seeking international protection, land borders with Slovenia"
46,Slovenia,17/9/2015,26/9/2015,10,"Big influx of persons seeking international protection, land borders with Hungary"
45,Slovenia,27/9/2015,16/10/2015,20,"Big influx of persons seeking international protection, land borders with Hungary"
44,Austria,16/9/2015,25/9/2015,10,"Big influx of persons seeking international protection, all borders, focus on land borders with Italy, Hungary, Slovenia and Slovakia"
43,Austria,26/9/2015,15/10/2015,20,"Big influx of persons seeking international protection, all borders, focus on land borders with Italy, Hungary, Slovenia and Slovakia"
42,Austria,16/10/2015,4/11/2015,20,"Big influx of persons seeking international protection, all borders, focus on land borders with Italy, Hungary, Slovenia and Slovakia"
41,Austria,5/11/2015,15/11/2015,11,"Big influx of persons seeking international protection, all borders, focus on land borders with Italy, Hungary, Slovenia and Slovakia"
40,Germany,13/09/2015,22/09/2015,10,"Big influx of persons seeking international protection, all borders with focus on Austrian land borders"
39,Germany,23/09/2015,12/10/2015,20,"Big influx of persons seeking international protection, all borders with focus on Austrian land borders"
38,Germany,13/10/2015,1/11/2015,20,"Big influx of persons seeking international protection, all borders with focus on Austrian land borders"
37,Germany,2/11/2015,13/11/2015,12,"Big influx of persons seeking international protection, all borders with focus on Austrian land borders"
36,Germany,16/5/2015,15/6/2015,31,G7 Summit
35,Estonia,31/8/2014,3/9/2014,4,Visit of the US President
34,Norway,24/7/2014,31/7/2014,8,terrorist threat
33,Belgium,1/6/2014,6/6/2014,6,G7 Summit
32,Netherlands,14/3/2014,28/3/2014,15,Netherlands on 14-28 March 2014 Nuclear Security Summit in the Hague
31,Poland,8/11/2013,23/11/2013,16,"19th session of the Conference of the Parties to the UN Framework Convention on Climate Change (UNFCCC), the 9th session of the Conference of the Parties serving as the Meeting of the Parties to the Kyoto Protocol and the 39th Session of the Subsidiary Bodies in Warsaw (11-22/11/2013),All internal borders"
30,Norway,3/12/2012,12/12/2012,10,Nobel Peace Prize ceremony in Oslo (10/12/2012)
29,Poland,4/6/2012,1/7/2012,28,"Euro 2012 Football Championships (8/6-1/7/2012),All internal borders"
28,Spain,2/5/2012,4/5/2012,3,Meeting of the Governing Council of the European Central Bank in Barcelona
27,France,24/10/2011,05/11/2011,13,G-20 meeting in Cannes (03-04/11/2011)
26,Sweden,22/07/2011,23/07/2011,2,Bomb explosion in Oslo and shooting on the island Utøya on – 22/07/2011
25,Norway,22/07/2011,25/07/2011,4,Bomb explosion in Oslo and shooting on the island Utøya on 22/07/2011
24,Austria,04/06/2011,09/06/2011,6,World Economic Forum (07/06/-09/06/2011)
23,Portugal,16/11/2010,20/11/2010,5,NATO Summit in Lisbon (19/11/-20/11)
22,Latvia,24/05/2010,01/06/2010,9,NATO Parliamentary Assembly in Riga (28/05-01/06/2010)
21,France,28/05/2010,02/06/2010,6,Franco-African Summit in Nice (31/05-01/06/2010).
20,Estonia,17/04/2010,23/04/2010,7,Informal meeting of NATO Foreign Ministers in Tallinn (22- 23/04/2010).
19,Malta,5/04/2010,18/04/2010,14,Visit of Pope Benedict XVI (17-18/04/2010)
18,Denmark,1/12/2009,18/12/2009,18,UN Climate Change Conference in Copenhagen (7- 18/12/2009). DK-DE and DK-SE borders
17,Norway,27/11/2009,12/12/2009,16,– Nobel Peace Prize Ceremony in Oslo (10/12/2009).
16,France,27/09/2009,27/09/2009,1,"50th Anniversary of ETA. FR-ES land borders, BCP border complex from Hendaye to Arneguy (14 border crossing points)."
15,Spain,26/09/2009,27/09/2009,2,Celebration of ‘Basque Warrior day’ in the Basque Country and Navarra (ES) and in Pyrénées-Orientales (FR) ES-FR land borders in the provinces of Guipuzcoa and Navarra
14,France,19/09/2009,19/09/2009,1,"Demonstration by Batasuna in Bayonne. Five FR-ES border crossing points (highway A63, St Jacques international bridge , Béhobie international bridge, Hendaye station, port of Hendaye)"
13,Italy,28/06/2009,15/07/2009,18,"G8 Summit in L’Aquila (10-12/7/2009); Land, air and sea borders"
12,France,30/03/2009,5/04/2009,7,"NATO Summit in Strasbourg (3-4/4/2009); Land and air borders with BE, LU, DE, CH, IT and ES"
11,Germany,20/03/2009,5/04/2009,17,"NATO Summit in Strasbourg, Baden-Baden and Kehl (3- 4/4/2009). Land, air and sea borders"
10,Iceland,05/03/2009,07/03/2009,3,"Visit of MC Hells Angels to the Icelandic Motorcycle club in Reykjavik.Air borders (16 flights checked from SE, DK, NL, FR, DE, and NO)"
9,Finland,24/11/2008,5/12/2008,12,Meeting of Council of Ministers of OSCE in Helsinki (4- 5/12/2008). Controls mainly at Helsinki-Vantaa airport and at ports of Helsinki and Turku
8,France,27/09/2008,27/09/2008,1,"Demonstration on 27 September at 16:00 in Bayonne,supervised by Batasuna.Five FR-ES border crossing points (Hendaye: highway A63, St Jacques international bridge, Béhobie international bridge, Hendaye station, port of Hendaye)"
7,Austria,02/06/2008,01/07/2008,30,"European Football Championship EURO 2008, AT — CH (7/6-29/6/2008). Land and air borders"
6,Iceland,2/11/2007,3/11/2007,2,"Participation of MC Hells Angels at the inauguration of the Icelandic Motorcycle club in Reykjavik (1-4/11/2007). Air borders (14 flights checked from SE, DK, FI, DE and NO)"
5,Germany,25/5/2007,9/06/2007,16,"G8 Summit in Heiligendamm/Mecklenburg-Western Pomerania (6-8/6/2007) Land, air and sea borders"
4,France,12/02/2007,16/02/2007,5,Conference of Heads of States of Africa and France in Cannes (13-16/2/2007). FR-IT border (detailed information provided in the notification)
3,Finland,13/11/2006,29/11/2006,17,"EUROMED meeting in Tampere. Controls mainly at Helsinki-Vantaa, Turku and Tampere- Pirkkala airports and the ports of Helsinki, Hanko and Turku, FI-SE and FI-NO land borders"
2,Finland,9/10/2006,21/10/2006,13,"Informal meeting of Heads of States and Government in Lahti. Controls mainly at Helsinki-Vantaa, Turku and Tampere- Pirkkala airports and the ports of Helsinki, Hanko and Turku, FI-SE and FI-NO land borders"
1,France,21/10/2006,21/10/2006,1,"Youth Days of radical young Basques in Saint-Pée-sur-Nivelle and demonstration organised in Bayonne by the support committee of Philippe Bidart. FR-ES land border (border crossing point on the highway A63 in Biriatou, St Jacques bridge, Béhobie bridge, Hendaye station)"
